Id,SalePrice,NoisyPrice
1461,169277.0524984,84384.32527890945
1462,187758.393988768,93495.80159315036
1463,183583.683569555,93052.17098356008
1464,179317.47751083,90970.99087639946
1465,150730.079976501,71414.67755743784
1466,177150.989247307,89420.70313967296
1467,172070.659229164,87146.22885373143
1468,175110.956519547,88458.34682878021
1469,162011.698831665,80652.3281039916
1470,160726.247831419,79161.95827726265
1471,157933.279456005,79445.15911900303
1472,145291.245020389,70067.76539150035
1473,159672.017631819,79372.99666568269
1474,164167.518301885,81522.7639910698
1475,150891.638244053,77986.19594865623
1476,179460.96518734,88836.1958589291
1477,185034.62891405,92653.4901598875
1478,182352.192644656,89636.98534898856
1479,183053.458213802,92419.73330723136
1480,187823.339254278,94295.32440207308
1481,186544.114327568,93372.84446809025
1482,158230.77520516,80379.01139002478
1483,190552.829321091,95138.73169918581
1484,147183.67487199,73545.3843322898
1485,185855.300905493,91369.55726237429
1486,174350.470676986,87083.86203304924
1487,201740.620690863,102140.9257199997
1488,162986.378895754,86034.66988388663
1489,162330.199085679,75878.53803386811
1490,165845.938616539,81391.12605777477
1491,180929.622876974,92444.99919213727
1492,163481.501519718,83770.1611615984
1493,187798.076714233,90793.10205064867
1494,198822.198942566,99164.81882896894
1495,194868.409899858,97171.87083136494
1496,152605.298564403,74388.03168907616
1497,147797.702836811,75980.24585103616
1498,150521.96899297,73593.62008333053
1499,146991.630153739,72950.02285481396
1500,150306.307814534,76145.32547537658
1501,151164.372534604,74627.92146806903
1502,151133.706960953,74504.27354492982
1503,156214.042540726,79313.08537311215
1504,171992.760735142,86329.08043687834
1505,173214.912549738,86893.99730811644
1506,192429.187345783,98040.59030676047
1507,190878.69508543,95333.27959621185
1508,194542.544135519,94940.41320285283
1509,191849.439072822,96300.8961482592
1510,176363.773907793,88356.12512231812
1511,176954.185412429,86320.98092359012
1512,176521.216975696,87013.16295907814
1513,179436.704810176,88761.188696554
1514,220079.756777048,109436.20947123018
1515,175502.918109444,89009.96135795966
1516,188321.073833569,95290.4516699656
1517,163276.324450004,81363.74037203328
1518,185911.366293097,92694.743314458
1519,171392.830997252,87172.26525297621
1520,174418.207020775,89959.7548373023
1521,179682.709603774,90921.63690564736
1522,179423.751581665,89192.8805989366
1523,171756.918091777,86180.39417972101
1524,166849.638174419,83011.9020932272
1525,181122.168676666,92999.3962424145
1526,170934.462746566,86400.43832601106
1527,159738.292580329,80536.51851638214
1528,174445.759557658,87417.51582796793
1529,174706.363659627,88021.9901107694
1530,164507.672539365,79937.59123825129
1531,163602.512172832,84969.59258008616
1532,154126.270249525,77892.13818962881
1533,171104.853481351,83522.32408830048
1534,167735.39270528,83774.84611743716
1535,183003.613338104,91470.23251496995
1536,172580.381161499,85511.49717667926
1537,165407.889104689,80787.29823905516
1538,176363.773907793,85433.56578390609
1539,175182.950898522,87644.22518920408
1540,190757.177789246,94417.34185370075
1541,167186.995771991,85089.46716442992
1542,167839.376779276,82771.93095831265
1543,173912.421165137,85402.8189317923
1544,154034.917445551,77599.74209361606
1545,156002.955794336,78674.05235057719
1546,168173.94329857,82670.13313306696
1547,168882.437104132,84544.30576591216
1548,168173.94329857,85292.55678869746
1549,157580.177551642,78963.58608192753
1550,181922.15256011,92139.07994960014
1551,155134.227842592,77352.60001446898
1552,188885.573319552,94346.8173356727
1553,183963.193012381,91760.8461618392
1554,161298.762306335,81393.86111610786
1555,188613.66763056,95814.34023659915
1556,175080.111822945,86515.44491130394
1557,174744.400305232,87928.31556118908
1558,168175.911336919,84071.83806317676
1559,182333.472575006,93177.1069881078
1560,158307.206742274,81667.1917121635
1561,193053.055502348,97532.26412776082
1562,175031.089987177,86753.99088846328
1563,160713.294602908,78927.74878114556
1564,173186.215014436,87923.26741583981
1565,191736.7598055,98063.64977370482
1566,170401.630997116,84923.55414044354
1567,164626.577880222,78940.84585612718
1568,205469.409444832,102800.54288214834
1569,209561.784211885,106513.05577862693
1570,182271.503072356,94843.6319909339
1571,178081.549427793,88778.53296921226
1572,178425.956138831,90264.96750438811
1573,162015.318511503,81362.05595156655
1574,181722.420373045,87424.20715948765
1575,156705.730169433,77809.24979065362
1576,182902.420342386,91440.22085261195
1577,157574.595395085,78615.15080727273
1578,184380.739100813,95598.48301457327
1579,169364.469225677,84315.95067463051
1580,175846.179822063,88699.65582769041
1581,189673.295302136,95282.04171534964
1582,174401.317715566,87928.0891076095
1583,179021.448718583,88787.1550195633
1584,189196.845337149,91507.93389681779
1585,139647.095720655,71189.9176109177
1586,161468.198288911,79477.30422730034
1587,171557.32317862,84897.96003436354
1588,179447.36804185,88703.98032344897
1589,169611.619017694,81433.67859379237
1590,172088.872655744,86139.12855825287
1591,171190.624128768,84735.23242861466
1592,154850.508361878,80582.85183384379
1593,158617.655719941,78249.14859981803
1594,209258.33693701,105212.2844291683
1595,177939.027626751,89292.09015805754
1596,194631.100299584,96283.89324454335
1597,213618.871562568,105561.8912590677
1598,198342.504228533,98914.1026433316
1599,138607.971472497,69777.92263226848
1600,150778.958976731,75823.16613206292
1601,146966.230339786,74664.61872463558
1602,162182.59620952,82543.48781426354
1603,176825.940961269,84848.04995964904
1604,152799.812402444,75782.77376835482
1605,180322.322067129,91003.21544686166
1606,177508.027228367,88408.43542418287
1607,208029.642652019,103838.62140647472
1608,181987.282510201,89498.1388099188
1609,160172.72797397,78668.26041356054
1610,176761.317654248,88969.05876910451
1611,176515.497545231,88948.56157210935
1612,176270.453065471,92222.07829202851
1613,183050.846258475,92911.01482374874
1614,150011.102062216,74948.02667538378
1615,159270.537808667,79331.98025044038
1616,163419.663729346,80577.31892757026
1617,163399.983345859,82044.75940331009
1618,173364.161505756,83355.06925573865
1619,169556.835902417,81566.0288391384
1620,183690.595995738,91209.92581598528
1621,176980.914909382,82912.98641496172
1622,204773.36222471,103089.98025954873
1623,174728.655998442,90405.76901072066
1624,181873.458244461,90112.1810919947
1625,177322.000823979,90907.79475108448
1626,193927.939041863,100207.09736131878
1627,181715.622732304,91823.78046463437
1628,199270.841200324,99000.52481934904
1629,177109.589956218,87865.8707088393
1630,153909.578271486,77268.2915182092
1631,162931.203336223,81223.56880933608
1632,166386.7567182,81701.6482469952
1633,173719.30379824,90094.2410011295
1634,179757.925656704,89160.33699272494
1635,179007.601964376,89614.59516187082
1636,180370.808623106,89033.81291294281
1637,185102.616730563,91336.01400060784
1638,198825.563452058,98986.25873268639
1639,184294.576009142,92047.12234485602
1640,200443.7920562,100367.40642682482
1641,181294.784484153,92311.49151815279
1642,174354.336267919,86837.52129809932
1643,172023.677781517,84024.11559737212
1644,181666.922855025,91307.28214166453
1645,179024.491269586,90179.18506222033
1646,178324.191575907,88236.34940919223
1647,184534.676687694,89919.25131996456
1648,159397.250378784,77639.77661820002
1649,178430.966728182,84915.51060252315
1650,177743.799385967,88852.32614468744
1651,179395.305519087,88505.78589613692
1652,151713.38474815,74654.13163114707
1653,151713.38474815,79996.32472989449
1654,168434.977996215,78785.08039853747
1655,153999.100311019,79157.9467623362
1656,164096.097354123,80795.27591122278
1657,166335.403036551,82205.35920499483
1658,163020.725375757,81159.27013961709
1659,155862.510668829,78311.89766137431
1660,182760.651095509,86063.45926295713
1661,201912.270622883,101723.28974030228
1662,185988.233987516,91943.11340451686
1663,183778.44888032,89596.73231243993
1664,170935.85921771,84981.45503425373
1665,184468.908382254,93258.87594848298
1666,191569.089663229,97257.90565840324
1667,232991.025583822,117041.20197604965
1668,180980.721388278,90302.24544085989
1669,164279.13048219,81396.76395208691
1670,183859.460411109,88171.20960013494
1671,185922.465682076,94368.78263491078
1672,191742.778119363,95098.05519967935
1673,199954.072465842,98717.05346161612
1674,180690.274752587,91373.78216383306
1675,163099.3096358,82152.69035228332
1676,140791.922472443,71434.09359631542
1677,166481.86647592,83671.57769801567
1678,172080.434496773,86496.93009717499
1679,191719.161659178,93341.29140545973
1680,160741.098612515,79638.60134039304
1681,157829.546854733,77232.32010461585
1682,196896.748596341,97917.35644895674
1683,159675.423990355,79972.77257594604
1684,182084.790901946,88322.98060418594
1685,179233.926374487,89440.19863391337
1686,155774.270901623,76745.3673414984
1687,181354.326716058,91754.80567717602
1688,179605.563663918,90758.51129036324
1689,181609.34866147,91739.91368069436
1690,178221.531623281,88776.36309281249
1691,175559.920735795,88309.16465591251
1692,200328.822792041,97931.4029473319
1693,178630.060559899,88526.39511151321
1694,177174.535221728,89129.92311629087
1695,172515.687368714,86415.06616343421
1696,204032.992922943,102108.79506543391
1697,176023.232787689,88401.05630760585
1698,202202.073341595,101232.42138284874
1699,181734.480075862,88548.04630543248
1700,183982.158993126,92756.77535821912
1701,188007.94241481,95698.5314240475
1702,185922.966763517,91342.9176883202
1703,183978.544874918,91501.8348157768
1704,177199.618638821,87680.29889599494
1705,181878.647956764,90626.60810364451
1706,173622.088728263,89625.36134797492
1707,180728.168562655,96231.04361534155
1708,176477.026606328,88018.47665309276
1709,184282.266697609,92206.70324638228
1710,162062.47538448,82400.96640611654
1711,182550.070992189,89998.52810159032
1712,180987.949624695,86089.70250872882
1713,178173.79762147,88067.78839329573
1714,179980.635948606,90822.4832461323
1715,173257.637826205,88738.37525909206
1716,177271.291059307,90995.27340984267
1717,175338.355442312,86790.20373339394
1718,177548.140549508,88347.0612042275
1719,175969.91662932,91438.08092671189
1720,175011.481953462,89071.57387706437
1721,185199.372568143,93593.2725817759
1722,188514.050228937,93636.95900519798
1723,185080.145268797,91101.47534751492
1724,157304.402574096,78353.14049388048
1725,194260.859481297,95683.84481406119
1726,181262.329995106,88166.27755871386
1727,157003.292706732,77466.80227027759
1728,182924.499359899,91131.6536946393
1729,181902.586375439,88825.82921857282
1730,188985.371708134,94546.73448163607
1731,185290.904495068,92238.1085274177
1732,177304.425752748,88393.97509715674
1733,166274.900490809,82975.90981673678
1734,177807.420530107,90211.66035982312
1735,180330.624816201,90160.20508702542
1736,179069.112234629,88484.95943746566
1737,175943.371816948,90471.48051524328
1738,185199.050609653,91928.07660396879
1739,167350.910824524,80865.91183192909
1740,149315.311876449,73155.59491910783
1741,139010.847766793,68994.54786623013
1742,155412.151845447,77977.01545898718
1743,171308.313985441,84873.92240144964
1744,176220.543265638,88853.06283897645
1745,177643.434991809,89227.89306665369
1746,187222.653264601,93347.69691490503
1747,185635.132083154,92093.71901164527
1748,206492.534215854,104745.78324911528
1749,181681.021081956,87126.48769320949
1750,180500.198072685,91967.4687531298
1751,206486.17086841,100908.01597646353
1752,161334.301195429,79933.0081168759
1753,176156.558313965,87191.9040071839
1754,191642.223478994,95221.27197648819
1755,191945.808027777,95790.05666649032
1756,164146.306037354,84545.38862257398
1757,179883.057071096,88656.34614718326
1758,178071.137668844,89375.10369167099
1759,188241.637896875,96326.8275376191
1760,174559.656173171,88007.97727687265
1761,182347.363042264,92459.48041647987
1762,191507.251872857,94843.45436245574
1763,199751.865597358,100084.6078001973
1764,162106.416145131,79398.83831949976
1765,164575.982314367,85069.00907803245
1766,179176.352180931,89741.49070749857
1767,177327.403857584,88110.45546968363
1768,177818.083761781,88230.00524899825
1769,186965.204048443,95281.42896672864
1770,178762.742169197,91645.10196809992
1771,183322.866146283,91611.72062868705
1772,178903.295931891,89091.0670332066
1773,186570.129421778,92703.32891414987
1774,199144.242829024,98624.16820247791
1775,172154.713310956,86479.05104559417
1776,177444.019201603,87865.19302746467
1777,166200.938073485,82470.34912257375
1778,158995.770555632,79112.22949696038
1779,168273.282454755,83142.53908037077
1780,189680.453052788,93939.01899769729
1781,181681.021081956,87710.38480057409
1782,160277.142643643,80090.66040642171
1783,197318.54715833,99839.88216411287
1784,162228.935604196,81260.14454767625
1785,187340.455456083,90750.11390826825
1786,181065.347037275,88541.39541117242
1787,190233.609102705,95506.56032279223
1788,157929.594852031,80104.00408440636
1789,168557.001935469,86140.42739898163
1790,160805.584645628,79035.82167973685
1791,221648.391978216,110743.2483884612
1792,180539.88079815,93075.30040249001
1793,182105.616283853,89890.68340168212
1794,166380.852603154,82771.50600847101
1795,178942.155617426,88566.06131619199
1796,162804.747800461,80532.4551420869
1797,183077.684392615,87900.28856432412
1798,171728.4720292,83974.89749293742
1799,164786.741540638,82719.74562612467
1800,177427.267170302,89351.61471562927
1801,197318.54715833,99963.62921880292
1802,178658.114178223,90381.60530805879
1803,185437.320523764,91932.0857132209
1804,169759.652489529,82930.0452959962
1805,173986.635055186,85358.49507498182
1806,168607.664289468,84143.86876142622
1807,194138.519145183,96138.17705742706
1808,192502.440921994,97217.88847535731
1809,176746.969818601,90432.59764299476
1810,177604.891703134,90299.68370715591
1811,193283.746584832,96899.23763491135
1812,181627.061006609,93022.18894260182
1813,169071.62025834,84387.0047894049
1814,167398.006470987,83040.75620867536
1815,150106.505141704,72989.37119148245
1816,159650.304285848,81347.47989600794
1817,179471.23597476,88484.07272924285
1818,177109.589956218,91250.15690553028
1819,166558.113328453,83460.41407038896
1820,153796.714319583,76289.89887161808
1821,174520.152570658,89966.00736693914
1822,196297.95829524,98525.75967659235
1823,169100.681601175,84263.96847404723
1824,176911.319164431,87068.22266252183
1825,169234.6454828,83483.52835314033
1826,172386.297919134,87386.85131207938
1827,156031.904802362,78449.18325623719
1828,168202.892306596,85223.10908179506
1829,166505.984017547,82168.15560936273
1830,176507.37022149,90157.05207752825
1831,180116.752553161,89565.70658195518
1832,183072.740591406,90997.56471129367
1833,189595.964677698,92727.66056437184
1834,167523.919076265,84138.2306907451
1835,210817.775863413,105482.33781185196
1836,172942.930813351,86765.91863280258
1837,145286.278144089,73409.24753191767
1838,176468.653371492,88172.32559427332
1839,159040.069562187,76630.98893058448
1840,178518.204332507,86793.71283819676
1841,169163.980786825,83296.5790261653
1842,189786.685274579,95277.16390432896
1843,181246.728523853,88723.13047793922
1844,176349.927153587,89471.19481866364
1845,205266.631009142,102108.17234277324
1846,187397.993362224,93498.58584047739
1847,208943.427726113,104491.2073058524
1848,165014.532907657,82673.54249999551
1849,182492.037566236,90352.0152993505
1850,161718.71259042,79555.25291763619
1851,180084.118941162,90853.06308144282
1852,178534.950802179,90695.45330247599
1853,151217.259961305,79774.27848492714
1854,156342.717587562,80805.30586602162
1855,188511.443835239,95668.66216781538
1856,183570.337896789,90890.33682168917
1857,225810.160292177,112218.46284764758
1858,214217.401131694,108108.75823563027
1859,187665.64101603,93581.38323541438
1860,161157.177744039,79871.45227439253
1861,187643.992594193,95259.58637491694
1862,228156.372839158,112625.60162643876
1863,220449.534665317,110566.60897703345
1864,220522.352084222,111737.17312215974
1865,156647.763531624,78398.80581500824
1866,187388.833374873,94970.95198021145
1867,178640.723791573,89302.66052640037
1868,180847.216739049,92946.97749156134
1869,159505.170529478,79836.78055918889
1870,164305.538020654,83869.66975110548
1871,180181.19673723,89663.2885521975
1872,184602.734989972,92390.69610095065
1873,193440.372174434,97522.33723110228
1874,184199.788209911,89977.52661874292
1875,196241.892907637,96625.29980904346
1876,175588.618271096,86871.13916928825
1877,179503.046546829,88853.86011828686
1878,183658.076582555,89672.19993677619
1879,193700.976276404,95230.77616714599
1880,165399.62450704,83585.68021038502
1881,186847.944787446,91028.9117167925
1882,198127.73287817,98358.32471209242
1883,183320.898107934,90861.52388234205
1884,181613.606696657,91710.33637412167
1885,178298.791761954,89827.8529742647
1886,185733.534000593,92346.79668251253
1887,180008.188485489,89482.7790174826
1888,175127.59621604,85646.63383308085
1889,183467.176862723,91456.40939507334
1890,182705.546021743,91592.55820769051
1891,152324.943593181,76737.08564932959
1892,169878.515981342,87775.03999711634
1893,183735.975076576,91855.23052972523
1894,224118.280105941,111939.05040522778
1895,169355.202465146,83797.06792900313
1896,180054.276407441,90240.7882709511
1897,174081.601977368,86424.6748154462
1898,168494.985022146,87555.58999719366
1899,181871.598843299,90525.59827978145
1900,173554.489658383,88734.64799925526
1901,169805.382165577,84788.44104762761
1902,176192.990728755,85596.61299070822
1903,204264.39284654,102482.83406096652
1904,169630.906956928,84348.02216240152
1905,185724.838807268,91011.44022375731
1906,195699.036281861,97551.8813795832
1907,189494.276162169,95459.54626098572
1908,149607.905673439,74543.92811661305
1909,154650.199045978,77368.36511926082
1910,151579.558140433,76204.76134206842
1911,185147.380531144,91451.62439594825
1912,196314.53120359,98121.26093203068
1913,210802.395364155,104258.6005935358
1914,166271.2863726,84312.75652236115
1915,154865.359142973,77710.48920647654
1916,173575.5052865,89057.88225304376
1917,179399.563554274,93407.03382814795
1918,164280.776562049,83339.53423660231
1919,171247.48948121,83663.00089004484
1920,166878.587182445,83417.38823499459
1921,188129.459710994,92212.49398551352
1922,183517.34369691,87219.10312697286
1923,175522.026925727,91305.1835302237
1924,190060.105331152,98544.95242194539
1925,174179.824771856,87407.50324222488
1926,171059.523675194,85671.21392343845
1927,183004.186769318,91935.2090181753
1928,183601.647387418,95707.37941369531
1929,163539.327185998,81392.07208163572
1930,164677.676391525,82340.73127948298
1931,162395.073865424,83607.86868256559
1932,182207.6323195,88972.95880697273
1933,192223.939790304,97071.09314902559
1934,176391.829390125,87792.19306150862
1935,181913.179121348,90674.49136009639
1936,179136.097888261,89812.77465921703
1937,196595.568243212,100052.90904443545
1938,194822.365690957,97021.88160873919
1939,148356.669440918,73512.07373662438
1940,160387.604263899,81857.41995839756
1941,181276.500571809,91726.79916824514
1942,192474.817899346,91945.85127420542
1943,157699.907796437,78109.42981791255
1944,215785.540813051,108097.7277834212
1945,181824.300998793,90720.07115773825
1946,221813.00948166,111709.85818317617
1947,165281.292597397,82593.89376136095
1948,255629.49047034,130557.44651006583
1949,173154.590990955,87010.84370422503
1950,183884.65246539,93744.43731041811
1951,200210.353608489,98052.07608360387
1952,186599.221265342,90962.25136732588
1953,192718.532696106,98611.34324949405
1954,178628.665952764,90708.5334712167
1955,180650.342418406,88457.41047234321
1956,206003.107947263,102226.55011691237
1957,166457.67844853,80513.45792679921
1958,202916.221653487,101284.32998546922
1959,192463.969983091,92510.76904730336
1960,171775.497189898,84669.91352402061
1961,175249.222149411,87620.34882800144
1962,147086.59893993,73579.22879539755
1963,149709.672100371,75062.07650027325
1964,171411.404533743,85520.00662348719
1965,178188.964799425,88457.18702874477
1966,156491.711373235,79794.41682406877
1967,180953.241201168,93366.24761646296
1968,203909.759061135,101301.46009922291
1969,175470.149087545,85335.24902553398
1970,205578.333622415,103097.85740207692
1971,199428.857699441,98978.18139554802
1972,187599.163869476,96663.25840789359
1973,192265.198109864,95872.088439993
1974,196666.554897677,99404.25224177004
1975,155537.862252682,78659.67097132123
1976,169543.240620935,85591.62510691263
1977,202487.010170501,100928.58774163944
1978,208232.716273485,101221.92288393807
1979,173621.195202569,86607.58727449799
1980,172414.608571812,86531.43008174276
1981,164400.75641556,83814.08018749066
1982,160480.424024781,79750.23331131661
1983,156060.853810389,77656.28119986241
1984,157437.192820581,81473.76421628536
1985,158163.720929772,79588.17225509534
1986,154849.043268978,75005.2091375641
1987,152186.609341561,77788.72910192091
1988,180340.215399228,88066.12051536256
1989,178344.62451356,85210.14936303247
1990,190170.382266827,94119.21944695743
1991,168092.975480832,83260.37819371904
1992,178757.912566805,89389.51371289075
1993,174518.256882082,84334.83704501827
1994,198168.490116289,95703.5971561039
1995,176882.693978902,90497.75301284748
1996,183801.672896251,91719.57210124507
1997,196400.046680661,99208.88295130998
1998,172281.605004025,84064.4315497595
1999,196380.366297173,98297.16561978823
2000,198228.354306682,97498.57602586207
2001,195556.581268962,96937.34285896967
2002,186453.264469043,93179.69129678013
2003,181869.381196234,89260.17787252806
2004,175610.840124147,88972.22342776644
2005,183438.730800145,91416.12956126164
2006,179584.488673295,89768.68318664034
2007,182386.152242034,86569.07989297043
2008,160750.367237054,80031.09563304388
2009,182477.505046008,92763.33636429183
2010,187720.359207171,93959.13759843826
2011,187201.942081511,93037.28702208024
2012,176385.102235149,88013.28726048785
2013,175901.787841278,88077.34631979036
2014,182584.280198283,90366.73109326718
2015,195664.686104237,101446.32338191081
2016,181420.346494222,89243.0662188142
2017,176676.04995228,88045.98798095334
2018,181594.678867334,89252.2390472505
2019,178521.747964951,89307.70947921413
2020,175895.883726231,87659.35534522074
2021,168468.005916477,84164.03348294529
2022,200973.129447888,100925.33447440663
2023,197030.641992202,96260.41709854432
2024,192867.417844592,94318.95198273928
2025,196449.247639381,98164.34475120006
2026,141684.196398607,70614.44005705576
2027,153353.334123901,76235.62652175865
2028,151143.549016705,77126.0427258205
2029,163753.087114229,81817.03791318185
2030,158682.460013921,78927.13640249298
2031,144959.835250915,72648.44399797799
2032,160144.390548579,80436.35675352658
2033,156286.534303521,76659.76068608263
2034,165726.707619571,82908.63816633009
2035,182427.481047359,91514.03538099157
2036,173310.56154032,87022.86495867641
2037,173310.56154032,83406.76908525878
2038,151556.01403002,77089.03748086376
2039,158908.146068683,79714.14141655747
2040,209834.383092536,104584.35874953699
2041,192410.516550815,96490.23808315286
2042,174026.247294886,87560.05720167555
2043,195499.830115336,96137.48087245188
2044,200918.018812493,103893.14022006626
2045,207243.616023976,106759.83865625487
2046,196149.783851876,96261.4679665454
2047,192097.914850217,95430.79228671377
2048,178570.948923671,87501.92946947043
2049,228617.968325428,115928.86109091125
2050,199929.884438451,102909.99340233221
2051,160206.365612859,79615.5196393306
2052,179854.431885567,90298.05929322177
2053,185987.340461822,94754.2528902795
2054,161122.505607926,80322.95617992333
2055,175949.342720138,87400.16932875193
2056,183683.590595324,95208.88426422945
2057,176401.34762338,86772.718304424
2058,205832.532527897,106443.09272974616
2059,177799.799849436,88908.05692857645
2060,167565.362080406,83091.21803891391
2061,186348.958436557,94437.65222320032
2062,179782.759465081,89209.94151970615
2063,169837.623333323,86790.25288973804
2064,178817.275675758,89882.60109693985
2065,174444.479149339,88442.26066241288
2066,192834.968917174,97977.23250665708
2067,196564.717984981,97295.81029601133
2068,206977.567039357,102294.4885105994
2069,157054.253944128,72220.43911564024
2070,175142.948078577,87900.78141833593
2071,159932.1643654,80509.22337113132
2072,182801.408333628,89743.38139668255
2073,181510.375176825,90220.26418692646
2074,181613.035129451,90835.69380010213
2075,186920.512597635,93251.47860349173
2076,157950.170625222,78041.64441630433
2077,176115.159022876,90358.04428196447
2078,182744.514344465,93072.2915968059
2079,180660.683691591,89854.6676580063
2080,160775.629777099,79688.25062008998
2081,186711.715848082,93515.24354271083
2082,223581.758190888,113197.2881471185
2083,172330.943236652,84312.90959117422
2084,163474.633393212,86574.32034531458
2085,175308.263299874,88163.48823623809
2086,187462.725306432,94129.97581767703
2087,180655.101535034,91085.13116314307
2088,152121.98603454,75477.63098274375
2089,159856.233909727,79499.64431992017
2090,186559.854936737,91573.58590062459
2091,183962.550959411,92916.79373527195
2092,162107.168699296,82827.53847482291
2093,162582.288981283,80393.21533543857
2094,154407.701597409,82865.98290512756
2095,181625.666399474,90755.48845374899
2096,164810.609473548,80877.13101413268
2097,176429.401241704,87853.76109180119
2098,179188.089925259,85344.62365402858
2099,145997.635377703,73594.40506299201
2100,218676.768270367,107931.0673209775
2101,188323.861214226,94381.17098800372
2102,168690.0722914,82661.20218361473
2103,165088.746797705,83929.43105825367
2104,191435.007885166,95629.81925969532
2105,168864.404664512,85496.19071963192
2106,176041.882371574,88773.59956113811
2107,215911.674390325,107640.16058584469
2108,167388.238629016,81490.33976360367
2109,163854.786753017,80331.72577163395
2110,163299.477980171,82058.65336847548
2111,178298.214633119,90025.81391201554
2112,176376.586164775,87634.63020691379
2113,170211.043976522,83968.21868002458
2114,170818.344786366,86120.55120098569
2115,174388.867432503,88720.78832122775
2116,161112.987374671,79807.51976449639
2117,172179.082325307,88368.70704396714
2118,157798.309713876,78403.02100599575
2119,169106.151422924,84079.10092431259
2120,170129.531364292,87348.77546305182
2121,157680.227412949,79104.4029744662
2122,162690.209131977,79472.41983823349
2123,146968.379365095,73922.94791810088
2124,181507.721372455,91086.42736395332
2125,191215.589752983,96870.29927100269
2126,189432.689844522,96003.95278106321
2127,207271.484957719,107681.41406061943
2128,170030.807488363,85929.50089860328
2129,148409.806476335,73778.26792725385
2130,193850.613979055,99083.194879103
2131,193808.319298263,99256.95789383003
2132,166300.235380627,83126.09572687477
2133,163474.633393212,80312.30001447373
2134,177473.606564978,87227.84146488896
2135,157443.925537187,80274.69792649156
2136,180681.007992057,89616.3776399629
2137,183463.17030026,91850.56742282367
2138,182481.763081195,93307.43966434836
2139,193717.15117887,97437.7450702014
2140,182782.55099007,89446.86819745193
2141,175530.651633287,88814.7359050979
2142,177804.057884623,90110.76761118975
2143,159448.670848577,79499.32114842872
2144,181338.976717529,90151.5998016792
2145,178553.558537021,90304.72036239055
2146,162820.928264556,82773.67436984165
2147,188832.479997186,92538.79735047082
2148,164682.185899437,82847.82939933817
2149,181549.735943801,90993.04594262641
2150,199158.097008868,101179.62939943234
2151,152889.520990566,76303.37225434712
2152,181150.551679116,91353.04605215989
2153,181416.732376013,90695.8505380799
2154,164391.238182305,82196.29995160663
2155,185421.046498812,93938.40386776559
2156,193981.327550004,94798.62223790943
2157,178824.324789223,88893.68287012345
2158,209270.051606246,107281.37239254739
2159,177801.266806344,89960.03370449795
2160,179053.762236101,88841.79820788662
2161,178762.170601992,90591.21206387319
2162,184655.300458183,91080.21662332243
2163,191284.655779772,100484.55392158161
2164,179598.085818785,92351.66695598087
2165,167517.628078595,85177.68464380066
2166,182873.903794044,89402.71088341688
2167,177484.91371363,86859.99397940717
2168,188444.597319524,94477.91313546481
2169,179184.153848562,89862.51133810879
2170,184365.175780982,91143.74235984078
2171,184479.322005212,93070.88216871614
2172,182927.863869391,91316.69684848
2173,178611.639373646,89021.52617788487
2174,181943.343613558,91696.84524863807
2175,175080.614768394,87101.02667786148
2176,190720.794649138,94782.15376788755
2177,198422.868144723,97574.5491781056
2178,184482.11308349,92874.89077243362
2179,139214.952187861,69728.46794123587
2180,169233.113601757,87045.2797663933
2181,180664.118686848,85361.5452474621
2182,178818.742632666,84992.19524326573
2183,180422.049969947,88454.98633161417
2184,178601.93645581,88056.23472218165
2185,183083.159775993,91279.15051972159
2186,173163.101499699,87037.56725026882
2187,185968.161159774,92198.26810751583
2188,171226.050683054,83995.63542914017
2189,281643.976116786,139737.49533827615
2190,160031.711281258,78488.89329655365
2191,162775.979779394,79903.98548961522
2192,160735.445970193,77523.21126852649
2193,166646.109048572,82624.09680344084
2194,188384.548444549,94023.55104257546
2195,165830.697255197,82096.45886377315
2196,182138.358533039,88532.18035860713
2197,171595.397975647,85321.37701473357
2198,160337.079183809,79711.03311960599
2199,191215.088671543,93998.92501087007
2200,166956.093232213,82964.33605462665
2201,186581.830878692,95973.71778714802
2202,176450.548582099,88668.20289907146
2203,193743.194909801,97268.31023085988
2204,198882.566078408,100462.24706918554
2205,176385.102235149,97045.3330463335
2206,162447.639333636,79276.52731143114
2207,193782.555676777,95306.47565188487
2208,183653.890897141,87289.57413393226
2209,210578.623546866,105526.2345214567
2210,158527.164107319,78817.51967583319
2211,163081.025723456,83097.65012299373
2212,174388.867432503,87472.87260054516
2213,191905.870131966,96210.14377409946
2214,174388.867432503,86840.81376872846
2215,161642.711648983,80886.135692319
2216,186939.507215101,95176.70144410826
2217,172482.165792649,85466.69976305682
2218,159695.999763546,77462.82206558388
2219,157230.369671007,77389.56149250203
2220,179188.089925259,89524.6713596804
2221,157972.82120994,76537.4640331657
2222,156804.951429181,79661.46013891677
2223,211491.972463654,105869.19960718333
2224,186537.246201062,91841.81629725649
2225,200468.161070551,99200.92219785656
2226,182241.340444154,86993.28653581557
2227,157342.225898399,77211.4877332946
2228,182022.387105998,91651.09879565882
2229,181244.510876788,89711.30664080505
2230,178556.671573788,90530.99094594146
2231,189547.199876284,94733.1515716216
2232,187948.65165563,92881.24747733041
2233,194107.287565956,94163.86757031828
2234,183521.710369283,92708.94547329022
2235,183682.123638416,91955.42869326523
2236,178483.353073443,93353.97816407625
2237,184003.879764736,91931.70570395935
2238,171318.59033449,86056.70758095328
2239,162039.754313997,80291.16405502257
2240,154846.252190699,76705.21487968935
2241,194822.365690957,97192.25292578978
2242,169788.738771463,86012.69475112388
2243,178891.554489941,89148.5445037478
2244,152084.772428865,76112.25117202793
2245,139169.86642879,66198.218313156
2246,192439.536044606,97819.47066491938
2247,161067.859766557,80612.15115598837
2248,158762.648504781,78456.10013024458
2249,175569.690441774,87057.52132635243
2250,183659.795012187,92276.4275298369
2251,280618.132617258,142120.1947983374
2252,180051.809151659,91433.65122602334
2253,176519.18031559,86872.63295752795
2254,179028.429210291,90527.04609776988
2255,177161.583857224,88817.20690289915
2256,180081.508849842,88511.57333739943
2257,205895.254584712,102444.67411036289
2258,183389.78131415,92332.75264543277
2259,178543.647859512,89809.33329318913
2260,194798.320499104,97014.7526195324
2261,162845.613675766,83831.77526512327
2262,148103.867006579,72445.70430923643
2263,201016.171121215,99315.74117887123
2264,277936.12694354,136763.79660539725
2265,249768.279823405,127357.95463175251
2266,161596.052159825,77370.31015252465
2267,158011.114889899,79758.36518235886
2268,194089.683858004,95751.58225731824
2269,181733.336941451,90636.85911517586
2270,182852.32772198,92489.64320209579
2271,189893.003058465,93885.0694145432
2272,194650.210979875,94886.18389430373
2273,187904.461286262,93627.11079803944
2274,171774.925622692,84463.55072488872
2275,177998.685921479,89605.57467346422
2276,175648.484325498,88323.93145173074
2277,196918.071362067,95243.61601371712
2278,184299.838071218,93242.13680598723
2279,182379.855682734,88548.93387846187
2280,184050.725802482,92622.11092320168
2281,158296.975970284,80657.62251812333
2282,175053.355553278,88397.07668389486
2283,162293.376090644,81750.9544011752
2284,186328.880047186,92085.5839449003
2285,151422.116936538,75733.57899917701
2286,181969.358707768,93256.58494377822
2287,189122.67702416,93688.18674059864
2288,185645.475220346,92457.92735438101
2289,182829.898109257,92062.95664587441
2290,195848.788183328,94131.8477444383
2291,198785.059550672,100822.34761797258
2292,181676.126555428,93702.49861946686
2293,194131.012663328,98488.47783297433
2294,201416.004864508,100429.5278916363
2295,185096.577205616,91208.68340295694
2296,195158.972598372,94757.47090886666
2297,184795.783735112,91373.77733851578
2298,189168.263864671,94656.49606442059
2299,216855.260149095,108631.11012688778
2300,184946.642483576,92485.64212813535
2301,189317.51282069,94958.38399217131
2302,180803.277842406,90812.26144786936
2303,175061.18585763,86002.68252183976
2304,179074.839090732,88943.66693619786
2305,145708.764336107,73682.45336570362
2306,142398.022752011,72115.45024472204
2307,161474.534863641,80295.64605126558
2308,157025.945155458,79407.64504234373
2309,163424.037827357,82609.70987954344
2310,164692.778645345,82984.21798178658
2311,152163.2443541,74602.54913741516
2312,192383.215486656,92879.09200627293
2313,182520.230322476,90799.18955372991
2314,187254.507549722,97144.82088793593
2315,176489.659740359,89014.08873266706
2316,181520.466841293,88653.7388347781
2317,186414.978214721,94341.48042121003
2318,185197.764639705,91726.36793671193
2319,178657.794083741,89371.25695684785
2320,179731.198023759,90271.38802186276
2321,161748.271317074,80556.0286971325
2322,158608.749069322,80326.5368611765
2323,178807.370559878,90895.75433453833
2324,184187.158803897,91376.65081965648
2325,181686.10402108,93727.94830421692
2326,190311.050228337,96827.00213275538
2327,192252.496354076,96864.43070746341
2328,193954.849525775,99321.16653301468
2329,181044.201560887,90345.31180958025
2330,180258.131219792,87376.99926737783
2331,199641.657313834,99363.65532370687
2332,197530.775205517,100310.00316797395
2333,191777.196949138,93262.27286373347
2334,195779.543033588,97722.32027621861
2335,202112.046522999,102803.84720245232
2336,192343.34807661,94714.48289336427
2337,185191.359443218,91690.04050907379
2338,186760.207965688,95717.41425764222
2339,177733.78193528,88651.59618476119
2340,164430.391189608,81698.43205618196
2341,185299.601552401,92623.46490658958
2342,186414.012339254,93819.31982567621
2343,176401.921054593,90181.35753083094
2344,182381.322639642,90349.35474120572
2345,176334.184710805,87092.25373964001
2346,184901.735847457,92830.34177133744
2347,180085.766885029,91365.21604145295
2348,184901.735847457,93673.07577520885
2349,183967.561548763,94017.7896367269
2350,193046.301574659,97643.09136673495
2351,168538.969495849,84507.19946178253
2352,170157.842016969,84074.68503026491
2353,196559.709259637,97209.55254508599
2354,177133.709361852,88525.2924430472
2355,181553.279576244,85870.71000067683
2356,185770.606634739,93389.23656099691
2357,177017.595099274,89478.68005664097
2358,184123.358536806,88334.56450932128
2359,165970.357492196,85014.06832371793
2360,158151.985049452,78301.03782871788
2361,177086.476441481,88468.82467957436
2362,196373.896176551,98911.1712616311
2363,172465.707083115,85150.66337437314
2364,168590.782409896,83460.6073432554
2365,158820.474171061,81271.66722228221
2366,151611.37057651,79659.61438007289
2367,152125.028585543,75128.62424093983
2368,158404.073081048,81508.05173384957
2369,160692.078640755,81382.00356623044
2370,170175.22684199,84141.16970742006
2371,169854.436591138,85091.10488157543
2372,183410.785819008,93993.90140520078
2373,180347.194026928,90157.3731769227
2374,178930.528374292,88454.55006835605
2375,153346.220086301,76204.86333223784
2376,182675.204270589,91632.41935085654
2377,180770.649792036,91935.02762204687
2378,188714.148087543,92537.87023942928
2379,191393.608594076,94104.42395845555
2380,174016.157494425,88837.51955554944
2381,183189.685319552,92254.15023219293
2382,183621.508757866,89468.04757349072
2383,168991.29635758,84828.68770764311
2384,185306.650665866,94469.08505412641
2385,189030.680303208,96348.95305204937
2386,179208.665698449,90850.38864990431
2387,174901.452792889,88922.12867597913
2388,168337.406544343,83187.58136348317
2389,158234.96461859,80352.80681835099
2390,179562.453368834,91909.74922222584
2391,174176.391640607,84768.2800443442
2392,173931.531845427,86239.61454557675
2393,184111.729429665,91931.15596831922
2394,179374.482001188,89767.0143598278
2395,207348.811884535,104174.55154165161
2396,186983.419339031,91915.42257083389
2397,206779.094049527,102253.19796676052
2398,177472.074683935,88629.9824873758
2399,156727.948324862,81362.26739492113
2400,157090.568462479,79468.97728408132
2401,160387.032696693,79288.6898861731
2402,172410.28005086,86238.96300430104
2403,191603.365657467,95951.38466970742
2404,182152.207151253,91284.91167647166
2405,180161.697340702,89504.88147572365
2406,169652.235284283,84458.55971209997
2407,182503.520140218,90297.50364314356
2408,179714.630677039,89717.29544468794
2409,180282.570719908,94062.36643291917
2410,192600.338060371,95251.77522100633
2411,166115.491248565,85093.69243025496
2412,186379.553524443,92601.161591572
2413,184361.992258449,89730.4333824575
2414,186220.965458121,93869.24182974233
2415,198176.47090687,101345.30979654935
2416,168437.776500131,84899.41002534567
2417,178003.582312015,88934.17473984622
2418,179180.469244588,88530.37357318647
2419,191930.561104806,97808.40556020317
2420,175590.266214964,86836.159168746
2421,176713.19307219,88932.66692616942
2422,180159.090947005,89525.90751746537
2423,188090.100808026,95256.7338885029
2424,186184.717727913,91561.71809481546
2425,223055.588672278,109834.48986044996
2426,158270.753116401,79282.034646452
2427,184733.12846644,92432.24840256982
2428,199926.378957429,102421.0214270704
2429,175075.785166001,87362.83088368556
2430,180917.925148076,93620.85982986433
2431,182067.760625207,86473.04764000431
2432,178238.60191545,89325.3273676701
2433,173454.944606532,85980.7768150276
2434,176821.936262814,88549.80908092152
2435,183642.191304235,91589.68730394164
2436,177254.582741058,85345.56344773452
2437,168715.950111702,84854.45092310014
2438,180096.931198144,89915.8729854947
2439,160620.728178758,80565.71030012242
2440,175286.544392273,92376.33425141106
2441,153494.783276297,75371.27420708504
2442,156407.65915545,77707.11394227171
2443,162162.525245786,80191.68412065461
2444,166809.886827197,85332.93362210793
2445,172929.156408918,86218.31801624817
2446,193514.330894137,99640.60618539742
2447,181612.141603756,90583.47520010927
2448,191745.386377068,96654.3145959196
2449,171369.325038261,85635.61672384663
2450,184425.470567051,90634.62758091495
2451,170563.252355189,84984.44031504332
2452,184522.369240168,95298.08785987247
2453,164968.947931153,82514.91987009847
2454,157939.621592364,78027.00287479185
2455,151520.381580069,69150.7576520898
2456,176129.508722531,86629.42101812849
2457,171112.978971478,83719.63712217554
2458,169762.081624282,84346.92967193526
2459,162246.828936295,78496.3549856365
2460,171339.303381589,85277.05352119045
2461,189034.753653813,90557.05118215227
2462,175758.873595981,87433.62291465807
2463,163351.721489893,83585.75602009651
2464,189806.546645026,95820.30725982336
2465,175370.990918319,90478.65605405539
2466,196895.599900301,99799.14017057518
2467,176905.917994834,89047.37783002135
2468,176866.557227858,90954.7199504502
2469,163590.677170026,83520.63694414387
2470,212693.502958393,105115.12033973495
2471,192686.931747717,95899.68254484162
2472,181578.684951827,87896.87588770823
2473,166475.457581812,82628.53779698473
2474,185998.255166219,95045.45651421878
2475,185527.714877908,91715.96883751889
2476,159027.118197683,80167.93358351916
2477,181169.654933769,91008.67286107312
2478,176732.915304722,88975.81916776583
2479,191619.294648838,96399.11881262643
2480,189114.303789324,94725.24469095588
2481,180934.635330334,91543.46303582823
2482,164573.372223048,82889.20107903403
2483,173902.011270196,84068.41375633788
2484,165625.127741229,81982.07936977563
2485,179555.219570787,91208.26657440986
2486,196899.720661579,97206.9378812192
2487,207566.12470446,104429.27071852278
2488,163899.981149274,81277.93285573494
2489,189179.428177786,92150.13421867254
2490,193892.880023125,97911.21996928728
2491,178980.874331431,89553.78265747675
2492,179749.876244365,92272.4099285252
2493,197999.674975598,99979.36835093111
2494,203717.470295797,100376.95985710417
2495,185249.261156892,93348.34011274122
2496,201691.208274848,97668.66657386703
2497,181956.548314794,90661.48225741464
2498,171895.936275806,88819.91145178952
2499,187245.168439419,95843.83056646671
2500,157816.77461318,78538.07336385235
2501,191702.912573325,92485.9884859442
2502,198599.420028908,99382.06892713194
2503,187193.313676329,94687.83441273494
2504,220514.993999535,109765.91357622086
2505,181814.527595192,90828.96731454323
2506,183750.755371907,91093.1656275038
2507,183000.431679579,90704.32283288783
2508,185830.971906573,93295.39564913894
2509,185497.872344187,92045.58582820425
2510,179613.437681321,92702.13928351682
2511,164454.967963631,80809.9394692558
2512,185127.237217638,94636.40095312227
2513,178750.613844623,89930.55653227853
2514,160927.61044889,80162.59926768261
2515,192562.808057836,96284.95584003243
2516,180990.24148554,88545.54232448438
2517,180064.941503122,89822.20785649694
2518,196070.997393789,97072.06779794038
2519,180352.919019023,89493.89750975178
2520,183367.953769362,92484.80496775932
2521,176734.841494027,86431.52793156987
2522,180848.220765939,87717.87892324675
2523,187806.059368823,93129.78743293212
2524,180521.52640004,91838.01051249121
2525,181502.754496154,92737.57217000956
2526,174525.87942676,86738.99604335963
2527,188927.984063168,94232.9339354614
2528,184728.870431253,95822.14510177591
2529,179857.975518011,88615.89005800197
2530,180962.868071609,90197.54802939761
2531,179194.066390078,88449.73124941187
2532,179591.789259484,88778.67694870393
2533,180638.463702549,88844.65840757391
2534,185846.215131922,92347.77370651193
2535,195174.031139141,101166.44556259183
2536,192474.56829063,95653.47477344735
2537,164200.595496827,82638.02612795292
2538,178403.094096818,90266.97642229208
2539,170774.84018302,84288.80635603574
2540,179879.945898337,92645.22920311359
2541,177668.192752792,88412.85258212483
2542,180174.328610725,84922.30387895167
2543,170643.303572141,86321.44381527361
2544,165448.004289838,83033.35794954003
2545,195531.754886222,98653.18827392772
2546,165314.177682121,82274.90841752249
2547,172532.757660882,89122.74743064433
2548,203310.218069877,101509.97919260488
2549,175090.062515883,87372.66201429303
2550,230841.338626282,115828.6559000557
2551,155225.19006632,78762.70282658767
2552,168322.342441945,83697.35291088304
2553,165956.259265265,82661.77796859675
2554,193956.817564124,96630.36584972593
2555,171070.367893827,84425.50085630863
2556,166285.243628001,84157.83927201435
2557,182875.801346628,92496.24478665573
2558,218108.536769738,109422.40723667158
2559,174378.777632042,89915.77080138924
2560,164731.316372391,82650.07559380498
2561,156969.695083273,77927.83762785202
2562,173388.854342604,89168.40422835585
2563,177559.628685119,90150.0187934623
2564,194297.789279905,96897.60038558478
2565,174894.588364005,85464.01475470459
2566,196544.144075798,95784.30400472073
2567,179036.158528149,89509.96837725912
2568,211423.986511149,107754.62040379705
2569,208156.398935188,104729.55959628537
2570,159233.941347257,79678.12389559459
2571,210820.115134931,105347.18891139152
2572,140196.10979821,68462.17144425349
2573,198678.469082978,98804.7114065657
2574,186818.610760803,95011.83112915786
2575,175044.797633861,87795.99076164149
2576,180031.162892704,95768.59456223932
2577,176889.171525162,89957.15639037525
2578,159638.856165666,77904.45620131474
2579,154287.264375509,75908.44444971978
2580,191885.618181273,96877.78252860597
2581,177503.378612934,88576.94079207041
2582,166548.31684976,83684.69206949876
2583,164475.14942856,80906.60134725874
2584,167484.744857879,83467.8091828949
2585,188683.160555403,94297.43615021398
2586,162243.399502668,81191.03756390327
2587,180807.213919103,89820.95339169778
2588,176279.079637039,84998.86328662804
2589,163438.959094218,81970.57567444633
2590,161495.5393685,81646.99482765408
2591,216032.303722443,109106.89536017402
2592,176632.181541401,87343.79239755005
2593,168743.001567144,84932.41517732514
2594,183810.11848086,91536.27826131402
2595,156794.36054728,78182.42086363191
2596,169136.43011395,84444.31162623913
2597,183203.318752456,87955.155339638
2598,213252.926930889,104911.39514733884
2599,190550.327866959,96188.53020259867
2600,234707.209860273,118665.66120204957
2601,135751.318892816,65766.35898639316
2602,164228.45886894,81073.62124045569
2603,153219.437030419,76657.2814626729
2604,164210.746523801,80628.1476650591
2605,163883.229117973,82325.96194816384
2606,154892.776269956,75552.49074634559
2607,197092.08733832,101083.114718114
2608,228148.376399122,114931.751131773
2609,178680.587503997,92036.5122516467
2610,165643.341167808,83347.46827430463
2611,222406.642660249,111106.78400568622
2612,184021.843582599,91257.54029293964
2613,170871.094939159,86406.6865553385
2614,189562.873697309,93513.562311414
2615,170591.884966356,84239.13074194157
2616,172934.351682851,80867.86296765438
2617,186425.069879189,94632.91598392373
2618,218648.131133006,110147.75341551201
2619,183035.606761141,92161.24348623377
2620,178378.906069427,87198.30113324284
2621,184516.716597846,93860.13601212032
2622,181419.5253183,90741.31312462669
2623,196858.923438425,98588.51657406426
2624,189228.701486278,94114.05358281496
2625,208973.380761028,104064.7934089183
2626,180269.86896412,90511.63932759123
2627,159488.713683953,79292.71987545211
2628,191490.299507521,96896.9161700516
2629,228684.245137946,110774.9984331261
2630,201842.998700429,101308.41511402237
2631,209242.82289186,104531.44300357545
2632,202357.62258493,100670.75208256792
2633,168238.61218265,83467.44307269806
2634,202524.12465369,99368.78062350932
2635,170588.771929588,86775.77882350721
2636,198375.31512987,98018.48114906462
2637,170636.827889889,85067.98234550375
2638,181991.079479377,99320.55328881211
2639,183994.54251844,90425.02038891749
2640,182951.482193584,89915.86660137607
2641,174126.297156192,86218.74403505104
2642,170575.496742588,87609.72589184088
2643,175332.239869971,89548.38722917173
2644,167522.061539111,83678.05106094042
2645,168095.583738538,83182.07960789253
2646,154406.415627461,78186.84483837773
2647,170996.973346087,88055.6773382646
2648,159056.890245639,76380.01781744757
2649,181373.6165193,90514.1781939047
2650,152272.560975937,76050.03972030856
2651,168664.346821336,83721.17932053341
2652,211007.008292301,103598.35922355342
2653,182909.515032911,91654.84976800809
2654,203926.829353303,101166.538189472
2655,179082.825442944,87995.86555432863
2656,206260.099795032,102450.11465996392
2657,181732.443415757,91711.28062904475
2658,189698.740693148,94012.31619673382
2659,203074.34678979,100711.91939971928
2660,201670.634365666,100745.2190656801
2661,173756.812589691,87531.98608179661
2662,181387.076390881,92260.26243224024
2663,184859.155270535,93170.52581847573
2664,158313.615666777,79395.75524712118
2665,151951.955409666,77024.64916288892
2666,162537.52704471,83405.84449920239
2667,178998.337067854,89777.96987160365
2668,186732.584943041,91069.36194385914
2669,187323.318406165,93886.71599716254
2670,199437.232798284,100239.19150485202
2671,185546.680858653,92967.9080195589
2672,161595.015798593,79609.59373751708
2673,154672.422763036,77692.39602324256
2674,159355.710116165,80139.18751308143
2675,155919.014077746,77425.79122569214
2676,182424.87095604,92781.51377301356
2677,178100.589622319,91699.84962963991
2678,202577.900044456,98489.01242435732
2679,177862.778940605,91634.32465249057
2680,182056.024744887,93455.83211619218
2681,191403.199177104,95803.68022164295
2682,196264.754980043,99872.87003317196
2683,209375.003419718,104506.99317024602
2684,196691.81930173,96173.66590198409
2685,192458.431539585,97003.79584967678
2686,182242.80926507,88900.65620946769
2687,183259.503900506,89978.41843265551
2688,188108.243748841,93620.12644074236
2689,171418.640195797,85758.11486083224
2690,194698.882220432,98774.49564490443
2691,174841.84007522,86657.87602622202
2692,172965.476488899,84588.25297183779
2693,189386.323677132,93536.03970954202
2694,185682.618340257,92449.70573983253
2695,176412.012719061,89457.8263152055
2696,174976.489722867,88427.61971173831
2697,180718.581707643,89809.92585464715
2698,186131.188248242,94137.65276775225
2699,165220.786354033,82671.37287133175
2700,164115.893800435,82742.67527174178
2701,182125.729127024,92501.3550520504
2702,182285.140233276,91403.46654839651
2703,196325.442210366,99097.04007978887
2704,164865.215329881,83746.4717128341
2705,182694.492209823,90742.35917852962
2706,185425.485520958,93938.64586249451
2707,171414.7041191,84665.75231633248
2708,183433.472466085,91286.79155110128
2709,176844.981155794,87904.76316034816
2710,180568.187753206,93079.77284122413
2711,185948.625475832,91858.54042416098
2712,189388.291715481,93357.54522364448
2713,142754.489165865,72619.9586693382
2714,156106.800760811,76491.96169336014
2715,155895.397617561,78511.4133485218
2716,159851.977738548,79728.31961541434
2717,185157.832305524,90342.34902792463
2718,180716.291710805,89903.6692813486
2719,176901.093954071,88948.23864715197
2720,181017.222455218,89860.50341451504
2721,183269.159407668,90696.65229474225
2722,193550.830097069,97095.69016246093
2723,170625.842699726,85757.10286515471
2724,182012.405942725,91997.66045723048
2725,179162.507290733,88291.13426074
2726,183269.159407668,91292.0693314056
2727,180589.836175042,90967.89839823499
2728,181465.935198741,91745.48796551317
2729,196053.029878304,97610.63949529822
2730,183421.020319014,90418.62229001918
2731,167926.839083612,84170.40352058636
2732,168027.530997889,83619.66063538512
2733,182164.26685407,90641.06221193851
2734,172469.071592608,89073.50088890674
2735,181059.374300472,91764.27150426565
2736,182997.570115536,92225.92157197585
2737,166140.504179894,80014.32751077383
2738,198515.546934075,100705.5796393505
2739,193789.648503294,95039.8917195853
2740,173550.025727531,84841.02143056199
2741,176487.943174734,90683.760148705
2742,188813.302559147,95762.52491707075
2743,178531.911979192,88533.97802431545
2744,182145.731469001,93065.47113569985
2745,179196.465024103,90782.01374235486
2746,169618.349900686,84564.77143267829
2747,170010.168655046,85092.93607032085
2748,181739.671652174,94020.02031206484
2749,172846.934955574,85906.24801432482
2750,195560.8830172,96207.68707944811
2751,180358.114292956,86217.29116841519
2752,211817.702818093,107092.87109128333
2753,176170.128686742,91260.43881580273
2754,234492.248263699,117525.35047029001
2755,182450.956536015,94469.24514362922
2756,174902.068073146,84501.20157469857
2757,173684.174293738,87181.33836142387
2758,147196.673677562,73182.62368836156
2759,175231.189709791,87751.23997512007
2760,193417.64740633,95799.26119616209
2761,183313.601249761,90886.16444414499
2762,180882.250849082,90963.94718874033
2763,186735.697979808,91988.5812098169
2764,172922.865411247,84858.09002275673
2765,202551.677190573,100347.14130942567
2766,190485.634074173,93925.66718862407
2767,173439.49362151,87331.39925143692
2768,196613.598849219,97686.89472747549
2769,178152.259700828,90600.23799541948
2770,174519.904825949,87298.20769213879
2771,172627.796932837,87185.38374616396
2772,173732.689486435,85429.59675256153
2773,209219.844787023,104054.8125928927
2774,181059.374300472,85398.46731747285
2775,188515.443002459,92258.12646914944
2776,182164.26685407,91820.84117596113
2777,188137.901597981,94018.74798583705
2778,158893.54306269,76163.10493444018
2779,189579.65066771,96903.8057034153
2780,165229.803505847,83770.5234600484
2781,162186.071220207,79392.39892373545
2782,166374.879866351,83407.4954872558
2783,161665.184974757,81886.57179966762
2784,175079.328798445,88486.98505584756
2785,203840.874021305,101335.38123037548
2786,152129.078861057,76084.00939350971
2787,181012.141380101,89373.5257788365
2788,161305.53503837,83833.0424561591
2789,203326.392972343,101767.01921931472
2790,168385.571141831,86236.27988051255
2791,183564.365159986,92931.66833117642
2792,163784.619440861,82491.78808389456
2793,171989.192193993,87013.72926386123
2794,180839.95616829,91471.38406420061
2795,170895.923185907,84996.90017802884
2796,174071.054808518,91554.59538649271
2797,259423.859147546,131005.34648354842
2798,188000.824679588,97532.36419594852
2799,179171.703565498,87681.80838011611
2800,171022.241447762,85467.83631695101
2801,174126.297156192,87539.12518681314
2802,187625.573271948,94034.84919566319
2803,199567.946369234,100723.20324558344
2804,205328.078219268,102418.65325912258
2805,166231.535025379,84428.5625153821
2806,154743.91606057,77820.17506834782
2807,159714.537012622,74771.23409727751
2808,185563.069082422,92361.08275163965
2809,171500.796725006,82873.57451679478
2810,180983.443844799,90164.83907066198
2811,183141.236914997,92569.25148809185
2812,178498.634450214,87052.90296959522
2813,224323.710512388,111709.12418382193
2814,218200.642127877,111728.67039658022
2815,182283.177756557,92458.15784588539
2816,190054.639237419,94880.18911863775
2817,160192.453934518,79726.53720441204
2818,171289.393581756,85550.40890984653
2819,151131.098733642,75749.64933501548
2820,181721.458225594,89690.0173303914
2821,172725.053851858,84759.77403932242
2822,222438.699143414,113139.86260538523
2823,235419.373448928,116472.1675281574
2824,185150.926027596,90892.18969696172
2825,184772.239624699,92114.40283100652
2826,180658.216435809,89679.55903412364
2827,209673.316647174,103454.04313969088
2828,205939.810625621,102684.46847214553
2829,165633.573325837,87628.89840920936
2830,186030.317211014,92972.91431521048
2831,160312.319589212,79969.23085200608
2832,190702.440251029,95125.96233919292
2833,175122.810326699,83033.51373239665
2834,183783.13937519,90596.54565026435
2835,178290.666302221,88472.83136645776
2836,181605.343963015,90849.36256623184
2837,187992.451444752,94055.05238301538
2838,188885.11781517,100683.5602681587
2839,189959.344795118,94667.7399690904
2840,179258.619211334,90028.73829393467
2841,181518.750275669,87760.42554724858
2842,193008.659237315,97915.02965971752
2843,186313.89385619,93869.03355711882
2844,181499.39185067,92212.02497372839
2845,174126.297156192,85178.5637670853
2846,183918.612062767,91959.60527261684
2847,184114.270899227,92209.42740985833
2848,158540.947801398,76451.49011304411
2849,197034.759055859,97759.83983536361
2850,185170.284452595,91492.47232198657
2851,221134.533635148,110229.8532162143
2852,184306.637575967,91958.2018918971
2853,199792.302740996,98260.80440568179
2854,143237.803559736,72325.81929286197
2855,177294.838897736,85859.7713417068
2856,182368.620883855,92971.3966968186
2857,176487.943174734,88462.96938448647
2858,183849.408762071,92871.6397515196
2859,184964.141507413,93978.55041902895
2860,196395.969632434,98736.09857447598
2861,188374.936650438,95742.40078680233
2862,176261.296806135,84648.90488298445
2863,163628.142248426,82311.46281103397
2864,180618.032628904,88650.27981123986
2865,161647.329794081,79597.50204390094
2866,167129.598867773,82792.75591872715
2867,174750.988352687,86021.44958014674
2868,177560.202116333,88177.33957425256
2869,192577.796112839,92272.26861228797
2870,199202.898960871,94565.56058849941
2871,182818.156667308,90630.79820412422
2872,148217.262540651,73861.19189379163
2873,188997.797082492,94073.04612317603
2874,185807.928877601,91244.66557734367
2875,177030.477842021,89439.34408679762
2876,175942.474593632,87859.1900699105
2877,172912.518576433,86510.09948607643
2878,198359.248864591,100542.61515578972
2879,184379.133036383,92141.20069576854
2880,194255.566948886,97875.1619169826
2881,209449.651603064,106874.91750384691
2882,169979.323958443,85541.40781723395
2883,188206.281858748,94209.66757326192
2884,186412.438609167,90744.19735955741
2885,196761.386409959,98433.16605551328
2886,208353.269558209,104773.44508279384
2887,166548.067241044,82811.41351232387
2888,175942.474593632,87595.24700054391
2889,166790.457916434,81316.85777981461
2890,160515.850579067,80835.87666650163
2891,192167.621096362,97799.2766145664
2892,178751.551083369,89676.58995456716
2893,198678.894117024,97296.48797713651
2894,164553.120272354,83912.16870500411
2895,156887.932862327,78998.63386255449
2896,164185.777305524,84308.35716510368
2897,212992.120630876,106371.26556113115
2898,197468.550532521,98447.71220545417
2899,180106.84373966,90374.75179115095
2900,183972.071056674,93924.81933010928
2901,245283.198337927,123361.72634700769
2902,170351.963410756,86744.0633161636
2903,195596.307707478,99804.1032717663
2904,189369.756330412,95401.90206326642
2905,223667.404551664,111956.51495049558
2906,169335.310624364,86039.08232529547
2907,167411.02835165,85556.02694171728
2908,187709.555003968,95390.29726740303
2909,196526.002998991,99355.29115793311
2910,137402.569855589,68728.63565366257
2911,165086.775061735,82763.18930977033
2912,188506.431412274,93951.73534584095
2913,172917.456816012,86446.64591691198
2914,166274.325225982,86460.90342098467
2915,167081.220948984,82140.46502161838
2916,164788.778231138,81638.63429996275
2917,219222.423400059,110587.04546839464
2918,184924.279658997,92761.90861185975
2919,187741.866657478,89979.58573662389
